{
    "name" : "AO-py",
    "version" : "4.6.5",
    "download_url" : "https://github.com/ldoubil/AO-py/raw/master/AO-py.zip",
    "sections" : {
        "description" : "又紧急更新了一个bug，紧急修复了 一个bug小bug<br>更新了新的bug功能基本实现完成！其实如果没有bug那这个功能就实现了！<br>完善了APP3的功能！这次功能不只是app3的添加还优化了以前的功能，顺便优化了底层，哎呀 我去说这么多，，，更新就行了。"
    }
}